{"cameraMode":{"drawMode":0,"name":"Shaded","section":"Shading Mode"},"sceneLighting":true,"audioPlay":false,"sceneViewState":{"m_AlwaysRefresh":false,"showFog":true,"showSkybox":true,"showFlares":true,"showImageEffects":true,"showParticleSystems":true,"showVisualEffectGraphs":true,"m_FxEnabled":true},"in2DMode":false,"pivot":{"x":0.7486017346382141,"y":1.362471580505371,"z":0.7683197259902954},"rotation":{"x":0.15924164652824403,"y":-0.6764649748802185,"z":0.15332630276679994,"w":0.7025246620178223},"size":6.076169967651367,"orthographic":true}